modelo,params_B,partidas,resueltas,tasa_resolucion,intentos_prom_resueltas,intentos_totales,invalidos,tasa_invalidos,formato_incorrecto,tasa_formato,repeticiones,tasa_repeticiones,violaciones,intentos_elegibles,tasa_violacion,progreso_medio,mejor_greens_max,turno_1a_violacion,partidas_sin_violacion,roster_consecutivo,roster_hacia_adelante,latencia_media_s,segundos_corrida,errores_api,CFS,p_vs_random,lift_vs_random
ministral-3-8b-instruct-2512,8.0,30,12,0.4,6.0,252,1,0.003968253968253968,1,0.003968253968253968,2,0.007936507936507936,200,221,0.9049773755656109,0.6761904761904762,7,2.0344827586206895,1,0.004524886877828055,0.6515837104072398,0.383,96.6,0,0.5278625296272355,0.004975124378109453,0.33716666666666667
ministral-3-3b-instruct-2512,3.0,30,6,0.2,5.333333333333333,272,28,0.10294117647058823,42,0.15441176470588236,52,0.19117647058823528,205,214,0.9579439252336449,0.5428571428571428,7,2.1,0,0.018691588785046728,0.5654205607476636,0.284,77.4,0,0.42913641718369594,0.01990049751243781,0.13716666666666666
exaone-3.5-2.4b-instruct,2.4,30,2,0.06666666666666667,3.5,287,20,0.06968641114982578,20,0.06968641114982578,56,0.1951219512195122,233,237,0.9831223628691983,0.5428571428571428,7,2.0344827586206895,1,0.0,0.5527426160337553,0.244,70.1,0,0.40402796277510694,0.6019900497512438,0.0038333333333333275
josiefied-qwen2.5-7b-instruct-abliterated-v2,7.6,30,4,0.13333333333333333,7.75,291,0,0.0,0,0.0,15,0.05154639175257732,251,261,0.9616858237547893,0.5666666666666667,7,2.206896551724138,1,0.4827586206896552,0.9003831417624522,0.336,97.9,0,0.3760643046174507,0.08955223880597014,0.0705
falcon3-7b-instruct,7.0,30,3,0.1,7.666666666666667,293,2,0.006825938566552901,6,0.020477815699658702,149,0.5085324232081911,256,261,0.9808429118773946,0.5,7,2.066666666666667,0,0.13026819923371646,0.4482758620689655,0.336,98.6,0,0.3741363749297138,0.3034825870646766,0.03716666666666667
meta-llama-llama-3.2-3b-instruct-qlora-malaysian-16k,3.2,30,2,0.06666666666666667,4.0,288,0,0.0,0,0.0,64,0.2222222222222222,257,258,0.9961240310077519,0.48095238095238096,7,2,1,0.313953488372093,0.7054263565891473,0.2,57.6,0,0.3523554817275748,0.6019900497512438,0.0038333333333333275
qwen3.5-4b,4.0,30,1,0.03333333333333333,1.0,291,4,0.013745704467353952,4,0.013745704467353952,169,0.5807560137457045,251,257,0.9766536964980544,0.4714285714285714,7,2.206896551724138,1,0.2840466926070039,0.4396887159533074,0.272,79.2,0,0.3330050619951138,0.8606965174129353,-0.029500000000000005
microsoft_phi-4-mini-instruct,3.8,30,1,0.03333333333333333,1.0,291,92,0.3161512027491409,181,0.6219931271477663,101,0.3470790378006873,169,169,1.0,0.3904761904761905,7,2,1,0.0650887573964497,0.35502958579881655,0.608,177.2,0,0.3202675445094161,0.8606965174129353,-0.029500000000000005
josie-7b-v6.0-step2000,7.6,30,2,0.06666666666666667,4.0,288,0,0.0,0,0.0,7,0.024305555555555556,250,258,0.9689922480620154,0.5380952380952381,7,2.206896551724138,1,0.8178294573643411,0.9573643410852714,0.341,98.4,0,0.312326827242525,0.6019900497512438,0.0038333333333333275
qwen2.5-7b-instruct,7.6,30,1,0.03333333333333333,1.0,291,0,0.0,0,0.0,0,0.0,254,261,0.9731800766283525,0.5333333333333333,7,2.206896551724138,1,0.9655172413793104,1.0,0.335,97.4,0,0.28521455938697315,0.8606965174129353,-0.029500000000000005
